# FCH interoperability corpus v1; tree=2; padding=1; rounds=16; state_bits=512
# streaming-chunks: 1,7,64,127,128,511,1023,1024,1025,4096
# id	length	recipe	fch256	fch512
empty	0	hex:-	591a3e8b905a36eb6c89c5db9a65e521d3128fe1c60ec330f917ea80b1182b6c	bb67776c28aff2b306e55ae975b036584c05fa1bc39916c740d7c46f29d82679e493de1d3be6755a6e854e2889a09db55202d9213e915b7fc6db0b2a0c01b953
single-zero	1	hex:00	948970a82b23d1e7c53641222d5b04a999d6a523bb8136df1f4f74bdbe3b2b8c	31aa3b32e8924514786930c9ccc77c550d5b8fe24a8d47db45dd3a4c9b41670c001edb5fd6c58c8373c176d31ed970f927a8fae549adae8d187671d03d0d2198
abc	3	hex:616263	2bf673ce22b55e5e1c38fbc76c56b3952a4a2e02be924ea4b3fb6bf98900ce52	be0a25570e7b7083ec3bbf80b7c09da633d7c6a66f68b2574f9b305af590ed58cec99b3c348a4c3d0ed8c47ee0063fb46b7aa21a126fa93dcab9cab4df1b71d2
quick-fox	43	hex:54686520717569636b2062726f776e20666f78206a756d7073206f76657220746865206c617a7920646f67	6d7b894f7d9bf047a1d9ceaffe6d53e52349fd666c56664a753ee415d3c4ebfc	eabf40e7ae323e76433d24a1d3d02eccb1af0dd68a3700c147c2d2a94f859d96790f2f87ae566ddcac50e522ba08b0dcd7af4d0699d77e88d03fb90cbdfb7f21
binary-controls	7	hex:000d0a1a7f80ff	0a2e5e842fcaf72cbf710173310b26807a2c9962101b2b45e9a75d926f44baa6	cf30477eac370d5c741dd982369539f97292b0948fa0225fea69153ee45e7505db61eef667acc578811d7b2e67b9e24970b9976abfa77f284c157758ce6b2176
counter-1	1	counter	948970a82b23d1e7c53641222d5b04a999d6a523bb8136df1f4f74bdbe3b2b8c	31aa3b32e8924514786930c9ccc77c550d5b8fe24a8d47db45dd3a4c9b41670c001edb5fd6c58c8373c176d31ed970f927a8fae549adae8d187671d03d0d2198
counter-2	2	counter	a541f123a92ef465521d88c5ff0110ce6b95ca8bbec81a06e430f8115b16095b	d7e47ef593959f048acb045619a5ddc57d81ab00e640795895c93d990bbc744b733a0e7e5b7a813eb2c08231d20715b3997815e29c21b0b966a3de8be0d10f14
counter-3	3	counter	d616220fc73d623062a6ac931f0bf5b7c3cdb27ea823ade6211fe80cd2fae67a	4065978f88a6f033ab0713f798763833275af9ed38e75224b6294c7bea682d5f15fe6ae51f69bf251e9b6b78bf2de0d58ac201dfbe13baffc72b9c97d6b0c892
counter-7	7	counter	e3320882be408a45600e1f7de61a291c00e286e79aab247036ce365f6a704ac7	d8a421f6ce7231ecf93e1a9f22c2b2f0b4d05e3a7ef9fb937f522705da108d5cdd92b761221885411c75a13106ddd83794609c0afba909f2f6cbe78bbe71d24c
counter-54	54	counter	4cb81da96e4d718db7c475a238dc73a30637b46b8feaaebcb03369eb8d2e7fd3	78cc941a0f1c51248ac794eefda48e00bf57354b38001416309fc4d22437508d563ea405813ba6bca366b77573a2c1ec9b16de566931bf0187808b06d8a4c28c
counter-55	55	counter	04035ad62b83a832b4fd907539fcdb12798b6f5c47d4765db55dd85806932a40	e6345baad97145c990c2766d9f86ec52de9bebbca8e1bc60579b7a31698e9a2a43dcf3f1db193b34ef7c24a212a012aad9c43b24710f2aa8913ee52417ffc238
counter-56	56	counter	770b00547c5b1451beca14feeb8731d879bd571c7a80b9b9fc480324cbb189b5	f2eaa3c4a0b768f9d815d1c4093d7401a3d0da330e2763304f3362c8847b72937621b8903241e7ca5ea2d0c869b84138dbcfc1329fe7ca714340b6730f59e15c
counter-63	63	counter	f57f7b1104d27deb5767562c7ea3de9b26b78da1f5f0ec0fc143fe9fae66c181	acfd80c3837b0a07a60993ad378231d54b130b6f02dc9726cabad1221387c6296c480622d1788fcd80e31d97e5f7b651c6081d3b9a46019fcd4009e6f709538f
counter-64	64	counter	04bfebe393f719261c0ee3bb8449e1de32f98d307a3157dfba1dcbde51e274cd	b18aeb72063eb567a69325e7eb57e3a2aa8ab1f6f605439035269ec64223c7f4b1697ec0430e7fd95fb01aa88cadc078e384235eb2e5537a03b1421e3fc6aef6
counter-65	65	counter	41179e50b8bee13918f7a01caedc7f2bc21edf2f8e72a054c91e7a40f2dee3ef	fc07f3eba8688c66748b59f70e8b32ab2c5442b69e46466b71fa6e9b2ab8d927c92ee995dfe5a5d2c9803149e321e9e1b157cb605a2f8c64337796d8992d6a75
counter-110	110	counter	34bc0271b10b2c37d67e8dc0cd4870b9addb8355623d17dbd1ae3b7eca57f3c7	6d09231d3a45c31e799c77c4ba5fe97c7d91297d6ae96123f408da24a0a27760efa4a034a189913747c4fbb918b3f5125fad0473f4d5bf99a1f58a82eb72b709
counter-111	111	counter	589e0a58829b4fe8aeb7cbaea2520d1494b76b5c4353c9ea04f0b8eaea861deb	f1a6414acfc4017a24292092f07862f0d2923ce70a2ae8367d14ddcfa2c9f02c4748988c719c8525e8a1f4f2d5fcdc71448ee4f81d6cab0b666a5890c93b24af
counter-112	112	counter	774fb64cf73af08a09d3c6015057fa14078e63ddf6eae559d7a516da0eacf686	0c94ed2eac634a5f879e58f48387455def988db65ac167f4dff03d927df9bb0369ca49138b2635181949ded1b11bb190e188ea6ca88b57f24a73180bc58a340c
counter-118	118	counter	acae97319bf63a0106962f233071e605e88cb0901b3412bbd5a202e402caf59d	473d4483e03e5106ee719d3c077aa9ed057cd21e39da68419b5f5ce43f9ce76a65847151c400caf4e1608c4dc5b6c5c707dc18858de543d93cfa26a1ff9b5473
counter-119	119	counter	2ee4bd59b6d84ca5191dd7bda084c6040bf5ebd093ee152340de66b60172a34b	384531ede2629b94bbf1c537c6d6f90f5bffc58489ff06d312d513c5c1b2d8d4ed69a9a23c4a7946eabbb8187ccd1dac19be66636e8d9092a651866578938885
counter-120	120	counter	0f7030a0a0451d1589ca44fad1e30082423521eabf3f140b5acb9b2cc43b2b91	2c148a90b2ca3a8cefa5a3485713cbc8da05e1b67ef677ebc38a3250fb32cbd2c37b8343af129e96f00be4a75f3f6debd734dbb8f964da8a1ffd25ad1a717b33
counter-127	127	counter	a19901e4f1ecc053c479b8fe84bb09c5d119d914078c1a1303865fe229b0b3a8	27ccb58c7dfcbf476fa2ed9a25b066d1746265b4e27bb3e2521017c7be7be3d058b54c8f943bafa6326582ff72eb66d7a3a6cd90c260232ddd4b654d53392a7f
counter-128	128	counter	76a2b19253a2c52997f4df1ed4319eea72866695e0e95e441e27cab3cfa04426	109b2772f5b75595f230588eece495877423051c3bb0f44decdc325cedf571fd9b17b5ce8ea88cadee0a7f7677f6e60ccc8613218066e71f7d3f8e1086c20572
counter-129	129	counter	4a0c8d4d9f9463a4ab6d2ad402293ff332cb207e1d8306ed1ccc9d8b9f6bd572	af0d7db2ab5ef457cf5661623068aceabeae9653e51f67fb29ef76d7616ebf0d95f9b28973914ceee58ebbd156f9ec7a5dfedb119c88a994a2856b041496c5bd
counter-1014	1014	counter	79e2ca8f0c1eec75c80bcd4f5a6af619855bb310cf407912396dbcd715bd07a5	20ed10659ba19f0772464095e8081f854781c7db52b3f6b5ef6aa660b9745729705fd58334f4df9de72702d38d00d7eefbd039b3337bf42c5fd4fe114ead078f
counter-1015	1015	counter	8468270b40efec532bbb516cfabab419070e3e95f674edeb312a51711d4fcc30	06ca982b2767d5afe48031d1f06d63e5819ab7d2c789be1e8992aaa2fd2205575e1fd8b8a4185de6ec32958a1f2ce3f6b971577d353cc1e72eafc5fe4b1b6929
counter-1016	1016	counter	4597259a97f99868a9c69ee49b002137873af8d7dc2fd793d2a61714c2516424	a40b031b7940f372311284b746f8fb6dd10965ef47b88fb286999bac430b9a48fdce5480515aba8badba3c8f16134af06f74b76b23f86a7a71a236de1d736903
counter-1023	1023	counter	7b499dae4352d176df8e18f8bfacaed3b9d61f736444007bdfdfef8aaf999122	ee847c33beda9e1143e9105f3700f8c908022f5d6e2280612b6390aff4eadec8fb63de3c7ced3520dce6ef1c4bae9e384e3e1857b2e46196df4bfa259fa5ebfc
counter-1024	1024	counter	53bb02635ca504baaebc03ce2002c265cd7634f0959289faf259e1bcae8847d0	1007c75b1c61d79798ecf2d8d9fbace71702cbc72942da1b93dc990f41b0ab8d0994fc2ed4ebb298692478a292973a33bf79edd51247f1f28085b55f20ba8eb7
counter-1025	1025	counter	9ee17cce821e34615acc19232ad322c4f933ab89539888381b5f6f4c33429157	a75711a3fd83dd4d36247346495e1ac3bc41fcb0b160f5e1bb50e6177406f182538b7b14211f656d90f35bdb9d568defab1aa1f9516840d7a811d1737a7d5805
counter-2038	2038	counter	4667182502e9ac5633bab168a579f04870d9bf62f93283a00c85c4d63efe6d01	304ac12f495a28242e2259f3407d5e5bc78fd8eebca46e9329e8912d71645eb9b08b9da3aed634a2df633fa38c68db9787065fdfcf0b47587d532a266cc6bf52
counter-2039	2039	counter	893703398473cc6afe0c6f7efc2660997d4c248d3f557ba7b3affd8b53b69a6d	a259818bb211b09cf7d07d4295ec2b8ebd18462f321b060eeed177f49e5d42b30e94a51214b8372f4b3bda1f164f9fbd96f96485782ad035e4b7ed776859f937
counter-2040	2040	counter	3561a84351d500a12ccb18fa5afc425c4070b24cf2d13679d4184e107f5f378b	e1a03e2925e27105d2dfc332b4aa7e1231185c7b726fc65acdfc3d382f35243cb1495e186efec41fb1457c6b944772095b8ce5fe3fb41f11de526e8a3c0f1420
counter-2047	2047	counter	8a898e44cdf42a01a6767511e917835972f4434bf181d28bb87c488386068a31	5d1683d31ad92d5c2f1be75a5621e96f0ebe8f9a41b703e8b2987f3b0b189b5e8b28a9a02912c92d127c0718ba6303d0957c628e64018d005580d0442087e97b
counter-2048	2048	counter	84d15c46b7d31dbf2c107aa96aaeebe0c2ad0bc8cb9e1a436dbf4dc552f25d1c	64b410afe2f23e487d7efb7c4d90564f05576600a4fa8e165dda0d08e0f6ea1605def0d96891f8493821ada8e602ef4b98c9cd17cbcb0cde1ecd2f61ffbb9743
counter-2049	2049	counter	013fa50375fd345470bfb8795b1d1b0185177268b4d547b7d3277892d009699a	3bd4754bfc5ea3485bd83bd0e7d6e680b5fa2bdbc93ddfcd81f3b39c4d8778c12e54aaa6d66037cb0ed78d4d4c4bce3d04a0179d6f5c76d80ab3e8750dbb4391
counter-3062	3062	counter	d75ce69c7c7cc3f80728c5d4b83045776e08fe9ada3b692415a2eaf45a08cf29	ba3b626b939a50dde086c81a7426b0636e77b3ac666a5e66574471e1b58637690542ea87eb604e013c2ea7fd155e628e5f60fffa3ca6b5b40a7289908d6c18ea
counter-3063	3063	counter	9f0b2b82099b8ddfc16027f0e7b0f0d3b292720d082ee78748b50e7f867c1443	4fc09be47d44318069abccbd9dc8779bf08bf1371288779d8970ce1ffe8d7e5a3f11ed1416a97c38e20add35b30679d8f9c3f960e9983dd794cb3b2edd4bda3f
counter-3064	3064	counter	73271809474f57d8123e4a9a9cab97059569c2d4d2fbd4cc1d1e9130d8e4cea4	f68639d6026e23bfbb3b2f5a6febaeee7a5be58bdf27122d76e62176d6da5161f2a81d6ab6dc9ea0e28521883acac0536944fff3db0e53e2aa152754dd104e78
counter-4086	4086	counter	8032b41ba42f5b65cfa6f5eb01e494929ff640839a2c5b1149d4f1da4d5f02da	c614566204fe5c04a0013240b4f6f90e35de9be043ec1b06879620079ecbde62f2e5a983feef987605c928eec8f33dee859d5f95b5456105226817d2e21eb159
counter-4087	4087	counter	581c0a03a6feaac405aaf0192827e5bc6e3201ab7ae9a9a311b2edc2091ab765	4ae7a836dbcc97604ceb9a92d94700857905a5f2c455f5fb72e899a0cca07b6ea9b10f2e189413fb2bb078d2b2dcacad04e8aad82e617c513ee1cb953925aa48
counter-4088	4088	counter	37bc5f65e301d9c9e6b7c911af2c272621b57f8c400d88c662b9d35835cdcab4	16a3eae66ba3b5bb498584385d487f937619b86d5cfb5b7666538343fe3099a3b4bc464928050dedabd2fcd97a59003d0e3ff8896d202ba29e4b19b6bf4ecfb7
counter-8182	8182	counter	8a7a759fe1de2eaf685f2d51b2c57a12ef54a93eb48b4bc79b71b5e20314b3c4	f57acd06823d7d79635717567866a6d2ef8f585022ff778bad2559fa292d0a92e7ccdd1efb6abe85b9b052f49c071b4463cf8510d9545872d4e2bebea86f201b
counter-8183	8183	counter	936d0d7032e641f821463fcef625936bd6ccc083e9b323f77cfc1edee8a2341d	815941bf6ace71a62c3f69e926eb49487c7d3dfc1a45279dafd1fefab4a7d20b23a8d7f03b4d8d7a2bfcfe4565b7dc190fe6a31e3fcfe09d19a72c245f3cc3e0
counter-8184	8184	counter	4c4293f3c231f567fed0f3e881f472edd5f8556776ad64736bbd659749832b15	5b5d94b006c6ef7693aa2848bbbc5939a5477645c5fcd12a21eecf273d605e230bf248439e24fa2658e1d57a5aeff4f40ebf6c22885873a8fdfb659f57b7cf0e
counter-16374	16374	counter	a4f34a6005f3bce55361292c91b128c7741d55bf7d1d4bb7f9a893fcb879c60d	883aba5d69f27e9f048b9d461f78f11158def338e97041243eee9eff73cd8c132c4d26da17c76559afc13202d97d33e95d126212143e69110f0005a36c5be139
counter-16375	16375	counter	6d2fc7c53c44585ea90085b360c75d9c658d11f194a9425a08c22827300a9394	bd06a108fcc4941604c869e8129cd7f87aa623e30db2c425d18445403712c236166a68516a4d059423859d97b93f3bc9d333460f48abdd3595aa9570f54c4fa7
counter-16376	16376	counter	3c167731989914ebe960363b711eebc35075c261f3793fde39b4b4059c61c75c	d05a822fdf82083f32f7875eb09319721742ebed8cb87cdac9d3ca52a3575a6df0b6e815d708a11ffccd4ea5a8b0708293c0246f35e9f394812be6ecc38970a1
counter-32758	32758	counter	c61680848223d6f13283bdea095510018a88d188d67016ce466992a0c528b097	7d83128415f2e480b661a55fd69498e8da70b3372462b0e49240bb2357a6202724c6d2275ab576395301d8c334d26fbad59bd0499e1d59578e08a18f7d7aefe5
counter-32759	32759	counter	e7453edca27a2bc27b2ce9f4c3a870e455db00da81f309e46a699e63f2521f90	c59b33578e14ea4dd9baa0da3b6b7c43bd7b5ffc22a13f1b142dc073c241fd3fa7888ad7216ec848c56e2775fe79247b41191e7394f20f8c4eacecbc01030b3f
counter-32760	32760	counter	aa4b23960b47c722182e24b4f5daf968dcf65db5235f6b04f32ebeff517beba8	3e1bb64c968ade6b53008c47c1cc6bf406845beafade29429a47873a4c41df79ffb79823f5ac238a0f7e1aefd10cf5fa44c6e7e636632ceb8d261784d95815c6
ff-55	55	repeat:ff	b06898fb7db59fc5a57c108ab41be848f472037f1202250de303b3ed81c9b4b3	5fc1a31852fb564869654faf59a3b16b9736cd2620a829ff7ca2777a26dc4f3fe9b8ae8ebf4f0c2aa47b4b10480cca9e27afc36616e9b77a7c0ba90ced3b6171
ff-1015	1015	repeat:ff	ab0263d7774f8fc130190f80a61588c7d8b10195a62a6f35fe72866fb17821e2	2add99d9fe509c8c41b7bc8c65c5de169d7a2836c06090d4fe96bb82fec0085644469707574308a583184bffeec955b083445d07ba86499d8faaf77d40bf2f60
ff-4087	4087	repeat:ff	8da4d1bb4c314fc1d10d694904d9958422ad0db02e9f4e3206fc8e7ef682c56d	81f2dfb53a4739d84da3e86b7de9c1461bea2104b703eaf1c52fdd1d83f3d7877c4301fc35ab8162e547e37eb38b591b232d4cea0a3b206f916132f3e04e55c4
